화물>자가용,특수>관용,date,화물>계,총계>자가용,승합>자가용,특수>계,승용>영업용,화물>관용,특수>영업용,시군구,총계>관용,총계>영업용,총계>계,시도명,승합>관용,화물>영업용,승합>계,승용>관용,승용>자가용,승용>계,특수>자가용,승합>영업용
13344,16,202608,15547,234927,3584,563,11141,192,148,강남구,421,13854,249202,서울,58,2011,4196,155,217600,228896,399,554
11749,8,202608,14459,160241,2890,485,4933,150,196,강동구,308,8287,168836,서울,41,2560,3529,109,145321,150363,281,598
6382,17,202608,7733,67489,1815,264,2122,130,109,강북구,329,4165,71983,서울,65,1221,2593,117,59154,61393,138,713
15227,18,202608,19730,184922,3634,757,10948,157,258,강서구,353,16942,202217,서울,43,4346,5067,135,165580,176663,481,1390
8419,12,202608,10752,109169,2488,382,3152,142,168,관악구,288,5872,115329,서울,45,2191,2894,89,98060,101301,202,361
8806,9,202608,10402,90519,1759,239,2945,161,91,광진구,297,4804,95620,서울,42,1435,2134,85,79815,82845,139,333
13044,5,202608,15834,130008,3263,470,5457,127,158,구로구,304,8788,139100,서울,62,2663,3835,110,113394,118961,307,510
10120,13,202608,12335,83602,2157,299,2857,75,85,금천구,177,5516,89295,서울,32,2140,2623,57,71124,74038,201,434
9213,11,202608,11423,139793,2742,541,5597,167,237,노원구,306,8587,148686,서울,50,2043,3502,78,127545,133220,293,710
7648,12,202608,9827,85122,1946,372,4565,125,149,도봉구,276,7378,92776,서울,48,2054,2604,91,75317,79973,211,610
9303,14,202608,11657,101865,2157,319,2769,135,90,동대문구,319,5240,107424,서울,62,2219,2381,108,90190,93067,215,162
6071,16,202608,7280,101882,1889,355,1260,134,175,동작구,317,2641,104840,서울,43,1075,2063,124,93758,95142,164,131
9020,21,202608,11841,112338,2142,824,3887,173,509,마포구,343,7590,120271,서울,54,2648,2742,95,100882,104864,294,546
5431,10,202608,7307,84420,1725,270,3459,136,110,서대문구,488,5706,90614,서울,103,1740,2225,239,77114,80812,150,397
10143,14,202608,14405,170430,2704,484,3014,180,180,서초구,502,7916,178848,서울,139,4082,3483,169,157293,160476,290,640
7929,17,202608,10023,93275,1562,376,8031,177,147,성동구,376,11047,104698,서울,49,1917,2563,133,83572,91736,212,952
8016,10,202608,9805,116664,2366,327,2006,143,101,성북구,297,4823,121784,서울,46,1646,3482,98,106066,108170,216,1070
15724,19,202608,20852,227711,3531,810,8019,157,361,송파구,404,14883,242998,서울,100,4971,5163,128,208026,216173,430,1532
10292,7,202608,13156,138194,2618,696,4848,143,413,양천구,342,8720,147256,서울,65,2721,3421,127,125008,129983,276,738
12289,17,202608,16752,133444,3097,1155,2771,178,680,영등포구,381,7938,141763,서울,58,4285,3357,128,117600,120499,458,202
4389,9,202608,5587,68732,1497,186,1039,122,31,용산구,341,2218,71291,서울,55,1076,1624,155,62700,63894,146,72
9366,16,202608,11512,124860,2486,402,4166,141,171,은평구,290,7091,132241,서울,44,2005,3279,89,112793,117048,215,749
3527,103,202608,5601,43448,1247,296,323,352,92,종로구,3892,2388,49728,서울,1505,1722,3003,1932,38573,40828,101,251
4357,27,202608,5645,44432,1560,285,1191,179,88,중구,1310,2691,48433,서울,809,1109,2672,295,38345,39831,170,303
10958,13,202608,13775,104964,2524,593,6010,124,327,중랑구,248,9607,114819,서울,32,2693,3133,79,91229,97318,253,577
230767,434,202608,293240,2952451,59383,11750,106510,3900,5074,계,12909,184692,3150052,서울,3650,58573,77568,4925,2656059,2767494,6242,14535
6606,12,202608,7466,19953,438,141,145,107,39,강진군,269,1023,21245,전남광주,62,753,586,88,12819,13052,90,86
12877,12,202608,13278,35932,963,194,160,141,38,고흥군,342,544,36818,전남광주,77,260,1126,112,21948,22220,144,86
5245,6,202608,5732,17552,394,140,111,75,70,곡성군,188,647,18387,전남광주,38,412,486,69,11849,12029,64,54
26073,30,202608,34272,205728,3789,1782,4218,196,945,광산구,622,13616,219966,전남광주,144,8003,4383,252,175059,179529,807,450
14779,15,202608,18381,98505,1967,2291,644,88,1724,광양시,264,6174,104943,전남광주,69,3514,2328,92,81207,81943,552,292
3968,5,202608,4217,14427,364,98,157,78,15,구례군,185,397,15009,전남광주,40,171,458,62,10017,10236,78,54
15529,20,202608,17443,72490,1743,677,794,224,264,나주시,512,3091,76093,전남광주,117,1690,2203,151,54825,55770,393,343
8318,11,202608,9420,94175,1686,433,867,90,168,남구,249,2499,96923,전남광주,51,1012,2189,97,83917,84881,254,452
7865,15,202608,9001,29349,673,317,312,78,152,담양군,221,1794,31364,전남광주,47,1058,992,81,20661,21054,150,272
4024,11,202608,4534,47557,822,227,408,101,76,동구,263,1016,48836,전남광주,54,409,999,97,42571,43076,140,123
12346,11,202608,14812,95742,2313,711,2223,154,345,목포시,410,5295,101447,전남광주,115,2312,2843,130,80728,83081,355,415
12102,23,202608,13227,57861,1408,385,161,166,141,무안군,660,1324,59845,전남광주,194,959,1665,277,44130,44568,221,63
8183,16,202608,8644,24401,714,171,159,104,53,보성군,252,634,25287,전남광주,49,357,828,83,15402,15644,102,65
22200,18,202608,26013,201639,3430,1164,4043,220,514,북구,623,9051,211313,전남광주,195,3593,4526,190,175377,179610,632,901
14553,22,202608,16506,145238,2704,661,3753,225,213,서구,705,6020,151963,전남광주,150,1728,3180,308,127555,131616,426,326
22457,25,202608,24942,152586,2713,1476,1941,199,940,순천시,530,5768,158884,전남광주,124,2286,3438,182,126905,129028,511,601
9872,5,202608,10461,27511,659,187,119507,215,26,신안군,426,122130,150067,전남광주,69,374,2951,137,16824,136468,156,2223
21294,18,202608,25045,138471,2831,1301,2186,199,827,여수시,575,7302,146348,전남광주,150,3552,3718,208,113890,116284,456,737
8449,8,202608,9084,32703,701,199,310,115,57,영광군,249,999,33951,전남광주,44,520,857,82,23419,23811,134,112
11466,14,202608,12375,38031,1110,370,84,117,141,영암군,290,1101,39422,전남광주,64,792,1258,95,25240,25419,215,84
9708,11,202608,10029,27082,649,143,163,119,25,완도군,325,507,27914,전남광주,54,202,820,141,16618,16922,107,117
8336,5,202608,9349,29814,666,240,151,88,90,장성군,225,1251,31290,전남광주,47,925,798,85,20667,20903,145,85
7163,8,202608,7526,21764,517,120,75,105,27,장흥군,276,407,22447,전남광주,70,258,634,93,13999,14167,85,47
6439,9,202608,6692,18738,487,109,95,101,25,진도군,236,333,19307,전남광주,45,152,593,81,11737,11913,75,61
6685,14,202608,6984,20173,477,134,5760,93,26,함평군,231,6113,26517,전남광주,47,206,645,77,12917,18754,94,121
15863,11,202608,16254,43437,1571,191,113604,144,42,해남군,345,114639,158421,전남광주,77,247,2394,113,25865,139582,138,746
8001,10,202608,8677,35475,830,309,512,108,144,화순군,266,2019,37760,전남광주,51,568,1676,97,26489,27098,155,795
310401,365,202608,350364,1746334,36619,14171,262543,3650,7127,계,9739,315694,2071767,전남광주,2244,36313,48574,3480,1392635,1658658,6679,9711
16317,10,202608,19239,93953,1502,1140,1802,131,665,강서구,353,5677,99983,부산,84,2791,2005,128,75669,77599,465,419
9131,12,202608,12194,75704,1801,812,2355,102,599,금정구,279,6864,82847,부산,61,2961,2811,104,64571,67030,201,949
10711,13,202608,12259,89667,1847,557,861,126,274,기장군,267,3094,93028,부산,47,1422,2431,81,76839,77781,270,537
8796,4,202608,13399,106865,1899,1832,34914,57,1485,남구,213,41543,148621,부산,53,4546,2550,99,95827,130840,343,598
3426,5,202608,5747,48520,736,1132,1032,62,1038,동구,200,4515,53235,부산,46,2259,968,87,44269,45388,89,186
9498,2,202608,11190,99199,1715,507,1810,65,277,동래구,171,4041,103411,부산,27,1627,2069,77,87758,89645,228,327
12486,10,202608,15204,131149,2399,795,2198,167,576,부산진구,381,5769,137299,부산,65,2551,2908,139,116055,118392,209,444
11306,11,202608,12971,99520,1860,471,1472,105,255,북구,314,3605,103439,부산,49,1560,2227,149,86149,87770,205,318
13689,8,202608,16094,81344,1855,571,2386,98,316,사상구,261,5210,86815,부산,52,2307,2108,103,65553,68042,247,201
12340,9,202608,14448,105776,2366,509,3428,104,264,사하구,278,5965,112019,부산,50,2004,2685,115,90834,94377,236,269
3518,0,202608,4434,30697,774,151,360,41,81,서구,139,1334,32170,부산,30,875,822,68,26335,26763,70,18
5195,12,202608,6441,65660,1280,485,56061,81,329,수영구,220,58154,124034,부산,40,1165,1919,87,59041,115189,144,599
8723,31,202608,11255,128778,1579,946,33972,181,708,연제구,1057,37855,167690,부산,484,2351,2887,361,118269,152602,207,824
3880,8,202608,4339,30838,849,117,1321,83,55,영도구,233,2067,33138,부산,50,376,1214,92,26055,27468,54,315
1734,14,202608,7138,37756,442,1830,123,73,1714,중구,311,7174,45241,부산,61,5331,509,163,35478,35764,102,6
12165,9,202608,14504,158760,2530,821,1941,124,467,해운대구,330,4862,163952,부산,57,2215,2826,140,143720,145801,345,239
142915,158,202608,180856,1384186,25434,12676,146036,1600,9103,계,5007,197729,1586922,부산,1256,36341,32939,1993,1212422,1360451,3415,6249
5312,3,202608,5520,16056,355,90,66,55,19,군위군,141,259,16456,대구,36,153,412,47,10321,10434,68,21
6118,3,202608,6728,58428,1159,204,936,80,56,남구,452,1632,60512,대구,231,530,1500,138,51006,52080,145,110
28268,16,202608,33871,270762,4166,1291,28024,179,611,달서구,524,34788,306074,대구,115,5424,5010,214,237664,265902,664,729
19237,72,202608,22357,139451,2538,805,1500,313,285,달성군,636,5088,145175,대구,117,2807,3151,134,117228,118862,448,496
18847,11,202608,22937,165377,2916,1049,4159,157,521,동구,376,9333,175086,대구,89,3933,3725,119,143097,147375,517,720
27206,29,202608,31925,200725,3261,1086,2467,226,445,북구,546,8053,209324,대구,120,4493,4029,171,169646,172284,612,648
10623,9,202608,12270,73617,1481,305,3139,122,113,서구,266,4963,78846,대구,40,1525,1707,95,61330,64564,183,186
14900,14,202608,16512,212734,2731,712,2948,211,171,수성구,609,5130,218473,대구,180,1401,3521,204,194576,197728,527,610
4171,17,202608,4815,54773,950,153,1103,151,30,중구,329,1941,57043,대구,68,493,1333,93,49546,50742,106,315
134682,174,202608,156935,1191923,19557,5695,44342,1494,2251,계,3879,71187,1266989,대구,996,20759,24388,1215,1034414,1079971,3270,3835
10869,11,202608,11816,40411,1011,403,1862,163,92,강화군,379,3002,43792,인천,53,784,1328,152,28231,30245,300,264
11740,9,202608,13682,121315,1913,488,1073,46,195,검단구,123,3715,125153,인천,16,1896,2480,52,107378,108503,284,551
15722,17,202608,18726,113341,2748,695,81218,113,335,계양구,300,85746,199387,인천,59,2891,4109,111,94528,175857,343,1302
26884,29,202608,30696,255014,4313,1131,22194,165,488,남동구,1000,27069,283083,인천,454,3647,5507,352,223203,245749,614,740
668,0,202608,1119,1746,137,121,298,4,105,동구,13,902,2661,인천,9,447,198,0,925,1223,16,52
16628,20,202608,22106,164435,3562,1335,11453,136,847,미추홀구,440,17704,182579,인천,91,5342,3715,193,143777,155423,468,62
18756,9,202608,21993,210652,3755,762,20905,104,294,부평구,336,25221,236209,인천,79,3133,4723,144,187682,208731,459,889
2605,5,202608,3050,6573,376,58,820,15,25,서구,51,1392,8016,인천,18,430,511,13,3564,4397,28,117
19338,18,202608,23835,195372,3290,1137,4547,138,569,서해구,392,10308,206072,인천,68,4359,4191,168,172194,176909,550,833
12339,14,202608,16199,233070,2770,1003,1518,139,544,연수구,413,6272,239755,인천,93,3721,3352,167,217516,219201,445,489
4208,10,202608,5007,66736,1059,221,432,121,47,영종구,397,1447,68580,인천,103,678,1452,163,61305,61900,164,290
16425,3,202608,16606,34188,607,165,70027,126,14,옹진군,254,71234,105676,인천,50,55,1795,75,17008,87110,148,1138
5907,10,202608,13719,40515,1132,2026,4858,93,1744,제물포구,356,14985,55856,인천,111,7719,1907,142,33204,38204,272,664
974,3,202608,1642,3661,154,105,319,17,72,중구,79,1134,4874,인천,17,651,263,42,2503,2864,30,92
163063,158,202608,200196,1487029,26827,9650,221524,1380,5371,계,4533,270131,1761693,인천,1221,35753,35531,1774,1293018,1516316,4121,7483
13230,10,202608,17241,87126,1769,822,1947,109,443,대덕구,246,6841,94213,대전,41,3902,2359,86,71758,73791,369,549
12463,14,202608,14256,93920,2044,556,3146,100,221,동구,264,5519,99703,대전,57,1693,2560,93,79092,82331,321,459
18104,34,202608,20744,212325,3616,1057,28183,208,467,서구,897,31554,244776,대전,316,2432,4404,339,190049,218571,556,472
15340,28,202608,18218,201563,2776,1018,2229,442,311,유성구,691,5331,207585,대전,94,2436,3225,127,182768,185124,679,355
11615,8,202608,13861,98711,2129,586,2302,76,261,중구,238,5148,104097,대전,50,2170,2594,104,84650,87056,317,415
70752,94,202608,84320,693645,12334,4039,37807,935,1703,계,2336,54393,750374,대전,558,12633,15142,749,608317,646873,2242,2250
15813,20,202608,19387,160265,2449,1014,2751,247,616,남구,814,7261,168340,울산,200,3327,3216,347,141625,144723,378,567
4618,7,202608,5026,64589,1061,226,750,78,62,동구,200,1289,66078,울산,42,330,1250,73,58753,59576,157,147
11242,10,202608,13006,124774,1833,687,1559,91,367,북구,236,3930,128940,울산,37,1673,2201,98,111389,113046,310,331
21160,15,202608,25590,136156,2401,1561,1221,167,1044,울주군,452,7208,143816,울산,93,4263,3174,177,112093,113491,502,680
9718,7,202608,10765,102863,1671,560,1157,89,273,중구,363,2685,105911,울산,105,958,2073,162,91194,92513,280,297
62551,59,202608,73774,588647,9415,4048,7438,672,2362,계,2065,22373,613085,울산,477,10551,11914,857,515054,523349,1627,2022
14655,243,202608,16943,198200,2776,1067,3628,272,168,세종특별자치시,1108,6456,205764,세종,231,2016,3651,362,180113,184103,656,644
14655,243,202608,16943,198200,2776,1067,3628,272,168,계,1108,6456,205764,세종,231,2016,3651,362,180113,184103,656,644
6601,25,202608,7001,33755,977,222,160,160,50,가평군,437,599,34791,경기,77,240,1203,175,26030,26365,147,149
18407,22,202608,21389,195716,3460,721,1857,201,219,고양시 덕양구,698,5338,201752,경기,152,2781,4093,323,173369,175549,480,481
12984,14,202608,15190,133287,2125,578,3392,78,166,고양시 일산동구,281,6283,139851,경기,77,2128,2799,112,117780,121284,398,597
8851,2,202608,10394,114640,1856,383,2295,35,151,고양시 일산서구,133,4511,119284,경기,20,1508,2433,76,103703,106074,230,557
1930,15,202608,2696,32247,471,124,319,127,16,과천시,696,1017,33960,경기,97,639,611,457,29753,30529,93,43
9981,11,202608,12491,112489,2089,469,1603,113,216,광명시,339,4627,117455,경기,63,2397,2563,152,100177,101932,242,411
29990,17,202608,35817,211474,4223,1167,877,123,373,광주시,446,9244,221164,경기,89,5704,6602,217,176484,177578,777,2290
8122,12,202608,9803,72485,1345,363,1189,98,143,구리시,280,3193,75958,경기,64,1583,1687,106,62810,64105,208,278
8601,12,202608,12385,96419,1750,454,827,88,240,군포시,303,4935,101657,경기,74,3696,1996,129,85866,86822,202,172
30463,10,202608,35307,238709,4307,1432,3216,209,650,김포시,595,10156,249460,경기,103,4635,6065,273,203167,206656,772,1655
41653,30,202608,48755,320681,6131,1677,2168,226,497,남양주시,835,10555,332071,경기,180,6876,7325,399,271747,274314,1150,1014
5267,11,202608,6042,38659,1083,187,634,80,49,동두천시,236,1453,40348,경기,41,695,1199,104,32182,32920,127,75
130,0,202608,134,267,38,1,1,0,1,부천시,4,16,287,경기,0,4,48,4,99,104,0,10
7860,1,202608,9187,82719,1818,364,1070,37,169,부천시 소사구,103,2638,85460,경기,18,1290,1945,47,72847,73964,194,109
9269,3,202608,11102,62257,1593,357,1515,35,165,부천시 오정구,108,3884,66249,경기,30,1798,2029,40,51206,52761,189,406
14977,24,202608,18513,145887,3051,604,2626,152,194,부천시 원미구,522,6798,153207,경기,146,3384,3791,200,127473,130299,386,594
7246,8,202608,9312,189030,2101,511,3942,101,139,성남시 분당구,368,7469,196867,경기,53,1965,3577,206,179319,183467,364,1423
7275,3,202608,8937,82914,1834,336,2009,80,156,성남시 수정구,317,3978,87209,경기,63,1582,2128,171,73628,75808,177,231
8248,20,202608,9950,71595,1760,351,2288,101,143,성남시 중원구,395,4340,76330,경기,54,1601,2122,220,61399,63907,188,308
19739,27,202608,23071,216793,4023,1196,5461,164,538,수원시 권선구,449,11052,228294,경기,156,3168,6064,102,192400,197963,631,1885
6486,2,202608,7951,154288,1785,388,2218,63,123,수원시 영통구,427,3912,158627,경기,103,1402,2057,259,145754,148231,263,169
7982,18,202608,10200,108856,2368,405,1082,98,122,수원시 장안구,565,3403,112824,경기,134,2120,2581,315,98241,99638,265,79
6118,16,202608,8249,82500,2015,279,14271,94,100,수원시 팔달구,400,16499,99399,경기,97,2037,2203,193,74204,88668,163,91
36614,24,202608,43152,272418,5589,1305,2367,155,515,시흥시,466,9726,282610,경기,102,6383,6152,185,229449,232001,766,461
22750,13,202608,27013,166345,4310,802,19008,226,313,안산시 단원구,596,24491,191432,경기,132,4037,5575,225,138809,158042,476,1133
17698,3,202608,20506,143453,3348,826,1974,35,345,안산시 상록구,160,5742,149355,경기,42,2773,4040,80,121929,123983,478,650
19572,16,202608,22993,122608,2759,1303,744,135,302,안성시,421,4922,127951,경기,89,3286,3438,181,99292,100217,985,590
9680,10,202608,13284,132436,1780,585,2077,130,164,안양시 동안구,416,6242,139094,경기,104,3474,2411,172,120565,122814,411,527
8877,0,202608,10543,88198,1876,346,1406,42,130,안양시 만안구,166,4098,92462,경기,29,1624,2843,95,77229,78730,216,938
20130,13,202608,23414,147852,3388,826,769,176,263,양주시,480,4722,153054,경기,90,3108,4060,201,123784,124754,550,582
12071,11,202608,13245,68751,1488,404,442,263,79,양평군,607,1943,71301,경기,90,911,2089,243,54878,55563,314,511
14275,9,202608,20547,70916,1840,722,356,204,359,여주시,480,7429,78825,경기,84,6068,2570,183,54447,54986,354,646
6549,8,202608,10823,26779,660,647,2035,152,488,연천군,324,6932,34035,경기,67,4122,1014,97,19419,21551,151,287
10738,10,202608,13593,129872,2492,554,1411,66,187,오산시,240,4952,135064,경기,58,2789,3115,106,116285,117802,357,565
11357,14,202608,14956,201856,2933,922,4107,46,378,용인시 기흥구,150,8919,210925,경기,39,3553,3853,51,187036,191194,530,881
4639,0,202608,5999,149888,1535,265,827,21,44,용인시 수지구,59,2282,152229,경기,14,1339,1621,24,143493,144344,221,72
21776,19,202608,26768,158242,3463,1303,1709,231,487,용인시 처인구,834,8610,167686,경기,137,4761,5253,447,132206,134362,797,1653
5609,8,202608,7729,71636,1081,481,412,84,296,의왕시,304,2942,74882,경기,89,2036,1368,123,64769,65304,177,198
17491,29,202608,20885,176366,3858,861,1802,200,264,의정부시,769,5708,182843,경기,240,3194,4546,300,154449,156551,568,448
19011,15,202608,23431,129364,2898,1112,876,133,553,이천시,459,6713,136536,경기,86,4287,3981,225,106911,108012,544,997
31500,24,202608,38165,264079,4907,1073,2183,170,299,파주시,606,11397,276082,경기,92,6495,7419,320,226922,229425,750,2420
36463,25,202608,44811,352836,6922,2106,3921,258,962,평택시,836,15220,368892,경기,150,8090,9319,403,308332,312656,1119,2247
20801,19,202608,23359,91412,2410,784,4019,163,355,포천시,462,7536,99410,경기,79,2395,3256,201,67791,72011,410,767
14712,11,202608,17297,141217,2146,517,1010,151,162,하남시,453,3968,145638,경기,82,2434,2590,209,124015,125234,344,362
1521,1,202608,1584,3733,296,27,85,7,11,화성시,10,185,3928,경기,1,56,330,1,1901,1987,15,33
8067,0,202608,10038,201581,2103,611,365,45,107,화성시 동탄구,153,2665,204399,경기,24,1926,2394,84,190907,191356,504,267
34593,61,202608,38710,173900,3496,1073,715,195,331,화성시 만세구,610,5825,180335,경기,111,3922,4464,243,135130,136088,681,857
7117,4,202608,8302,83623,1352,335,860,28,111,화성시 병점구,94,3412,87129,경기,15,1157,2651,47,74934,75841,220,1284
13852,12,202608,15597,94037,1688,514,446,32,159,화성시 효행구,169,2811,97017,경기,66,1713,2247,59,78154,78659,343,493
705643,662,202608,850620,6461065,122821,32873,110946,5811,12284,계,19261,295292,6775618,경기,4003,139166,159720,8785,5612674,5732405,19927,32896
7988,12,202608,8357,25500,701,160,136,93,29,괴산군,243,498,26241,충북,55,276,813,83,16692,16911,119,57
4844,8,202608,5362,16581,415,332,100,118,231,단양군,248,810,17639,충북,50,400,544,72,11229,11401,93,79
6692,21,202608,7238,20827,563,150,109,123,42,보은군,278,660,21765,충북,57,423,706,77,13485,13671,87,86
8283,15,202608,8585,27166,626,161,113,120,41,영동군,294,430,27890,충북,59,182,779,100,18152,18365,105,94
8114,11,202608,8854,31353,762,258,221,87,89,옥천군,233,1061,32647,충북,55,653,915,80,22319,22620,158,98
14071,17,202608,15719,69189,1999,435,317,113,143,음성군,287,2166,71642,충북,68,1535,2238,89,52844,53250,275,171
13666,14,202608,15448,71628,1545,1235,695,161,838,제천시,366,3340,75334,충북,78,1621,1809,113,56034,56842,383,186
3206,9,202608,3819,21563,491,134,168,33,46,증평군,102,830,22495,충북,24,580,551,36,17787,17991,79,36
9295,9,202608,10506,57171,1304,339,269,88,82,진천군,235,1565,58971,충북,61,1123,1456,77,46324,46670,248,91
8,0,202608,8,18,2,0,0,0,0,청원군,1,0,19,충북,0,0,2,1,8,9,0,0
11775,22,202608,13138,101833,1890,697,1082,187,267,청주시 상당구,531,2858,105222,충북,100,1176,2323,222,87760,89064,408,333
10706,6,202608,12646,97342,1794,589,1454,67,231,청주시 서원구,274,4395,102011,충북,127,1873,2758,74,84490,86018,352,837
14460,7,202608,16706,108741,2087,656,2642,132,203,청주시 청원구,436,5570,114747,충북,112,2114,2810,185,91748,94575,446,611
15812,13,202608,18465,157546,2673,999,3550,143,385,청주시 흥덕구,380,7185,165111,충북,88,2510,3501,136,138460,142146,601,740
19721,33,202608,21786,119756,2563,819,1268,259,284,충주시,650,3759,124165,충북,141,1806,3105,217,96970,98455,502,401
148641,197,202608,166637,926214,19415,6964,12124,1724,2911,계,4558,35127,965899,충북,1075,16272,24310,1562,754302,767988,3856,3820
2197,10,202608,2731,26516,509,145,63,63,36,계룡시,191,673,27380,충남,37,471,649,81,23711,23855,99,103
12820,33,202608,13743,57504,1396,408,1315,253,133,공주시,648,2507,60659,충남,121,670,1906,241,43046,44602,242,389
8622,10,202608,9304,30971,906,237,3889,94,78,금산군,224,4781,35976,충남,41,588,1173,79,21294,25262,149,226
15240,27,202608,16426,63886,1883,388,862,147,98,논산시,422,2326,66634,충남,88,1039,2298,160,46500,47522,263,327
19555,15,202608,22107,111745,2229,1338,898,187,789,당진시,420,4400,116565,충남,73,2365,2650,145,89427,90470,534,348
12766,36,202608,13469,54815,1262,365,583,186,126,보령시,432,1407,56654,충남,67,517,1510,143,40584,41310,203,181
11276,18,202608,11832,35841,969,203,183,162,58,부여군,368,956,37165,충남,78,394,1368,110,23469,23762,127,321
19030,25,202608,21118,104506,2235,911,838,166,436,서산시,470,3690,108666,충남,86,1922,2815,193,82791,83822,450,494
7726,17,202608,8265,28321,631,205,142,105,81,서천군,244,770,29335,충남,40,434,784,82,19857,20081,107,113
24372,54,202608,28414,212923,4136,1182,1820,200,355,아산시,602,6537,220062,충남,126,3842,4782,222,183642,185684,773,520
11532,15,202608,12481,49136,1276,364,280,181,124,예산군,469,1482,51087,충남,112,768,1698,161,36103,36544,225,310
19368,16,202608,22514,146329,3348,1083,2152,129,388,천안시 동남구,316,6262,152907,충남,59,3017,4112,112,122934,125198,679,705
20759,21,202608,23703,213209,3862,1040,1562,223,322,천안시 서북구,566,5513,219288,충남,154,2721,4924,168,187891,189621,697,908
6114,19,202608,6767,18963,413,172,62,129,67,청양군,305,714,19982,충남,62,524,536,95,12350,12507,86,61
10897,19,202608,11347,36968,905,215,174,193,47,태안군,350,596,37914,충남,46,257,1069,92,25017,25283,149,118
12403,29,202608,13350,59952,1281,406,458,139,125,홍성군,437,1610,61999,충남,94,808,1594,175,46016,46649,252,219
214677,364,202608,237571,1251585,27241,8662,15281,2557,3263,계,6464,44224,1302273,충남,1284,20337,33868,2259,1004632,1022172,5035,5343
22071,17,202608,25050,146315,2785,881,915,129,398,경산시,392,4557,151264,경북,91,2850,3270,155,120993,122063,466,394
25839,18,202608,28114,152464,3387,996,1569,219,373,경주시,597,4513,157574,경북,133,2056,4035,227,122633,124429,605,515
6620,18,202608,7388,22054,603,162,35,76,55,고령군,186,837,23077,경북,31,692,689,61,14742,14838,89,55
25683,23,202608,29487,228578,4496,1242,2384,228,479,구미시,557,7256,236391,경북,102,3576,5415,204,197659,200247,740,817
15,0,202608,15,34,4,0,2,0,0,군위군,0,2,36,경북,0,0,4,0,15,17,0,0
17874,15,202608,19239,79734,1817,465,598,172,185,김천시,427,2255,82416,경북,79,1193,2175,161,59778,60537,265,279
10371,13,202608,10799,39143,1115,272,365,128,97,문경시,291,880,40314,경북,53,300,1286,97,27495,27957,162,118
7213,18,202608,7387,19059,385,93,46,89,15,봉화군,255,192,19506,경북,50,85,481,98,11401,11545,60,46
17303,17,202608,18565,56754,1490,418,372,207,174,상주시,432,1882,59068,경북,79,1055,1850,129,37734,38235,227,281
11479,18,202608,12536,33035,757,315,94,87,140,성주군,222,1239,34496,경북,41,970,833,76,20642,20812,157,35
19609,48,202608,21124,88761,1994,668,900,262,234,안동시,836,2686,92283,경북,209,1253,2502,317,66772,67989,386,299
6091,20,202608,6356,20222,578,137,87,127,30,영덕군,268,309,20799,경북,47,138,679,74,13466,13627,87,54
4107,8,202608,4233,11183,272,58,36,71,6,영양군,178,124,11485,경북,34,55,333,65,6760,6861,44,27
14671,27,202608,15554,58450,1462,441,455,151,152,영주시,376,1474,60300,경북,75,732,1672,123,42055,42633,262,135
16047,19,202608,17735,62801,1627,657,344,157,372,영천시,400,2481,65682,경북,80,1531,1941,144,44861,45349,266,234
8671,20,202608,8991,33082,681,199,174,109,50,예천군,300,521,33903,경북,59,211,826,112,23601,23887,129,86
1394,9,202608,1482,6097,243,40,271,61,4,울릉군,147,498,6742,경북,20,27,459,57,4433,4761,27,196
6710,24,202608,6956,29351,591,203,107,121,42,울진군,334,362,30047,경북,55,125,734,134,21913,22154,137,88
12472,11,202608,13494,33801,812,236,85,145,99,의성군,309,1137,35247,경북,66,877,954,87,20391,20563,126,76
8018,16,202608,8740,27036,592,302,155,92,176,청도군,230,1013,28279,경북,42,630,686,80,18316,18551,110,52
6290,13,202608,6498,18042,482,98,37,88,14,청송군,221,216,18479,경북,60,120,587,60,11199,11296,71,45
12921,14,202608,14721,70717,1652,597,296,111,303,칠곡군,294,2636,73647,경북,59,1689,2059,110,55864,56270,280,348
17480,13,202608,21689,122409,2633,2146,1437,215,1651,포항시 남구,453,7820,130682,경북,74,3994,3445,151,101814,103402,482,738
18182,30,202608,19424,157194,2695,814,2079,113,291,포항시 북구,403,3844,161441,경북,93,1129,3133,167,135824,138070,493,345
297131,429,202608,325577,1516316,33153,11440,12843,3158,5340,계,8108,48734,1573158,경북,1632,25288,40048,2889,1180361,1196093,5671,5263
11948,15,202608,12635,111809,2457,543,964,148,168,거제시,373,2125,114307,경남,78,539,2989,132,97044,98140,360,454
9325,16,202608,9683,35613,801,290,171,104,178,거창군,296,790,36699,경남,69,254,1057,107,25391,25669,96,187
7395,11,202608,7703,28083,650,231,173,93,67,고성군,232,546,28861,경남,65,215,806,63,19885,20121,153,91
41016,43,202608,46134,301810,5537,1518,2186,247,637,김해시,717,8320,310847,경남,152,4871,6315,275,254419,256880,838,626
6310,9,202608,6599,22409,514,118,139,137,29,남해군,298,423,23130,경남,54,152,671,98,15505,15742,80,103
13576,17,202608,16313,59628,1241,847,479,111,594,밀양시,333,3906,63867,경남,92,2626,1540,113,44575,45167,236,207
10474,18,202608,11207,62201,1347,348,620,140,115,사천시,345,1509,64055,경남,79,593,1607,108,50165,50893,215,181
7326,11,202608,7891,22156,447,316,54,100,151,산청군,265,724,23145,경남,60,465,561,94,14229,14377,154,54
22141,29,202608,29436,186361,3738,2175,1019,159,1469,양산시,461,10370,197192,경남,86,7136,4570,187,159805,161011,677,746
4563,13,202608,5215,15691,341,207,43,93,127,의령군,228,772,16691,경남,53,559,437,69,10720,10832,67,43
26350,34,202608,29054,175069,2902,1019,2605,286,439,진주시,707,6550,182326,경남,164,2418,4154,223,145271,148099,546,1088
10244,10,202608,10684,36797,906,248,192,97,76,창녕군,248,727,37772,경남,73,343,1095,68,25485,25745,162,116
10158,15,202608,11307,102112,1665,350,1267,137,153,창원시 마산합포구,368,2900,105380,경남,64,1012,2197,152,90107,91526,182,468
10552,4,202608,12158,108770,1650,472,5759,53,224,창원시 마산회원구,159,7939,116868,경남,28,1553,2081,74,96324,102157,244,403
10364,16,202608,11486,151159,1859,472,19807,140,200,창원시 성산구,624,21801,173584,경남,215,982,2886,253,138680,158740,256,812
17115,20,202608,18766,149537,2033,714,60895,128,352,창원시 의창구,573,63127,213237,경남,162,1523,2552,263,130047,191205,342,357
7608,12,202608,8865,97002,1650,647,733,88,320,창원시 진해구,235,2373,99610,경남,37,1169,1838,98,87429,88260,315,151
8587,15,202608,9088,53750,1447,282,654,125,79,통영시,329,1362,55441,경남,89,376,1789,100,43528,44282,188,253
7832,17,202608,8121,24903,490,207,83,117,87,하동군,265,388,25556,경남,73,172,609,58,16478,16619,103,46
10147,7,202608,10796,45142,923,428,28352,84,232,함안군,234,29353,74729,경남,55,565,1182,88,33883,62323,189,204
6996,18,202608,7245,24317,450,138,22653,110,30,함양군,246,23010,47573,경남,50,139,688,68,16781,39502,90,188
8258,15,202608,8799,25048,532,176,149,145,66,합천군,306,681,26035,경남,57,396,659,89,16163,16401,95,70
268285,365,202608,299185,1839367,33580,11746,148997,2842,5793,계,7842,189696,2036905,경남,1855,28058,42283,2780,1531914,1683691,5588,6848
26747,49,202608,27783,107347,2619,449,923,345,144,서귀포시,772,1898,110017,제주,132,691,2891,246,77725,78894,256,140
60776,41,202608,65198,326114,6489,1800,283927,703,547,제주시,1715,294608,622437,제주,349,3719,13253,622,257637,542186,1212,6415
87523,90,202608,92981,433461,9108,2249,284850,1048,691,계,2487,296506,732454,제주,481,4410,16144,868,335362,621080,1468,6555
17659,47,202608,19296,115619,2261,868,2107,263,384,강릉시,628,4351,120598,강원,135,1374,2882,183,95262,97552,437,486
3979,6,202608,4192,16910,400,106,113,106,30,고성군,212,286,17408,강원,41,107,477,59,12461,12633,70,36
6869,11,202608,7514,48063,1084,389,708,125,185,동해시,346,1573,49982,강원,81,520,1325,129,39917,40754,193,160
6679,14,202608,7053,34236,703,223,467,184,46,삼척시,417,822,35475,강원,96,190,918,123,26691,27281,163,119
5173,10,202608,5617,40568,973,251,786,119,86,속초시,334,1331,42233,강원,87,325,1194,118,34267,35171,155,134
3364,11,202608,3538,12830,268,83,64,117,19,양구군,237,173,13240,강원,53,57,354,56,9145,9265,53,33
4051,17,202608,4254,17270,367,128,195,134,22,양양군,235,313,17818,강원,36,69,430,48,12763,13006,89,27
6200,15,202608,6464,22014,561,204,148,126,59,영월군,355,402,22771,강원,80,138,698,134,15123,15405,130,57
26311,32,202608,28883,197379,3878,1179,2535,232,361,원주시,658,5716,203753,강원,158,2340,4516,236,166404,169175,786,480
5009,15,202608,5252,20455,406,141,82,126,30,인제군,251,286,20992,강원,52,117,515,58,14944,15084,96,57
6226,29,202608,6530,22722,491,197,216,145,35,정선군,391,488,23601,강원,100,159,669,117,15872,16205,133,78
6999,19,202608,7280,25140,580,142,187,142,22,철원군,289,400,25829,강원,68,139,700,60,17460,17707,101,52
18208,33,202608,21288,145312,2826,1000,2295,266,410,춘천시,906,6135,152353,강원,259,2814,3701,348,123721,126364,557,616
3288,18,202608,3551,20018,544,188,342,122,50,태백시,269,654,20941,강원,54,141,719,75,16066,16483,120,121
8633,26,202608,8890,27380,671,181,209,123,48,평창군,336,466,28182,강원,76,134,822,111,17969,18289,107,75
11674,27,202608,12312,41636,1049,277,295,184,66,홍천군,465,1081,43182,강원,113,454,1428,141,28729,29165,184,266
3308,10,202608,3456,13986,256,94,51,101,24,화천군,232,156,14374,강원,61,47,351,60,10362,10473,60,34
8703,13,202608,9102,29587,768,213,521,127,50,횡성군,293,938,30818,강원,64,272,927,89,19966,20576,150,95
152333,353,202608,164472,851125,18086,5864,11321,2742,1927,계,6854,25571,883550,강원,1614,9397,22626,2145,677122,690588,3584,2926
10716,15,202608,11179,32848,1203,208,160,156,63,고창군,359,623,33830,전북,65,307,1361,123,20799,21082,130,93
19181,22,202608,22715,141706,2659,1294,1887,213,713,군산시,569,6427,148702,전북,122,3321,3287,212,119307,121406,559,506
14018,8,202608,15235,52266,1398,458,493,150,156,김제시,348,1865,54479,전북,60,1067,1607,130,36556,37179,294,149
12373,25,202608,13018,43731,1051,299,373,187,75,남원시,455,1065,45251,전북,108,458,1318,135,30108,30616,199,159
4501,10,202608,4850,14679,437,100,57,104,38,무주군,226,390,15295,전북,39,245,526,73,9689,9819,52,50
8754,15,202608,9162,29031,730,193,168,142,53,부안군,321,601,29953,전북,63,266,907,101,19422,19691,125,114
5392,10,202608,5558,17406,366,82,85,101,22,순창군,242,192,17840,전북,58,65,444,73,11598,11756,50,20
12478,29,202608,15116,63407,1458,529,223,219,227,완주군,493,3281,67181,전북,110,2419,1980,135,49198,49556,273,412
24024,18,202608,27385,145943,3476,954,1796,213,427,익산시,571,5852,152366,전북,133,3148,4090,207,117934,119937,509,481
4952,11,202608,5348,15559,380,100,54,121,23,임실군,275,417,16251,전북,60,275,505,83,10161,10298,66,65
4522,7,202608,4733,13497,307,87,32,115,23,장수군,239,171,13907,전북,41,96,368,76,8611,8719,57,20
18662,13,202608,21447,170866,3033,1026,2981,151,406,전주시 덕진구,450,6936,178252,전북,96,2634,4044,190,148564,151735,607,915
15401,21,202608,17211,154185,2689,669,2008,209,254,전주시 완산구,797,4411,159393,전북,219,1601,3456,348,135701,138057,394,548
14900,11,202608,15982,59290,1449,417,628,161,125,정읍시,390,1871,61551,전북,105,921,1751,113,42660,43401,281,197
5081,18,202608,5294,15954,387,102,69,113,16,진안군,297,279,16530,전북,51,100,532,115,10418,10602,68,94
174955,233,202608,194233,970368,21023,6518,11014,2355,2621,계,6032,34381,1010781,전북,1330,16923,26176,2114,770726,783854,3664,3823
